test_date,horizon,pred_mw,actual_mw,n_hours
2026-04-01,D+1,"[3515.28564453125, 3433.059326171875, 3361.83349609375, 3248.29345703125, 3173.59814453125, 3151.328369140625, 3110.04736328125, 2937.888671875, 2838.873046875, 2885.030517578125, 2967.14306640625, 3003.458984375, 3055.753662109375, 3096.4931640625, 3111.441162109375, 3205.1630859375, 3265.40771484375, 3261.07958984375, 3336.001953125, 3721.841796875, 3846.15380859375, 3814.858154296875, 3776.63525390625, 3707.846923828125]","[3495.8, 3393.0, 3337.0, 3269.0, 3220.0, 3199.0, 3232.0, 2995.0, 2826.0, 2831.0, 2922.0, 3022.0, 3019.0, 3030.0, 3103.0, 3169.0, 3251.0, 3263.0, 3577.0, 3754.0, 3823.0, 3907.0, 3862.0, 3749.0]",24
2026-04-01,D+7,"[3515.28564453125, 3433.059326171875, 3361.83349609375, 3248.29345703125, 3173.59814453125, 3151.328369140625, 3110.04736328125, 2937.888671875, 2838.873046875, 2885.030517578125, 2967.14306640625, 3003.458984375, 3055.753662109375, 3096.4931640625, 3111.441162109375, 3205.1630859375, 3265.40771484375, 3261.07958984375, 3336.001953125, 3721.841796875, 3846.15380859375, 3814.858154296875, 3776.63525390625, 3707.846923828125]","[3495.8, 3393.0, 3337.0, 3269.0, 3220.0, 3199.0, 3232.0, 2995.0, 2826.0, 2831.0, 2922.0, 3022.0, 3019.0, 3030.0, 3103.0, 3169.0, 3251.0, 3263.0, 3577.0, 3754.0, 3823.0, 3907.0, 3862.0, 3749.0, 3625.0, 3497.81, 3417.15, 3391.08, 3293.98, 3296.66, 3272.9, 3017.89, 3003.78, 3026.36, 3140.6, 3299.54, 3177.09, 3246.7, 3195.91, 3191.96, 3062.8, 3230.98, 3341.93, 3627.03, 3835.8, 3832.57, 3789.85, 3685.71, 3709.52, 3304.0, 3308.0, 3267.0, 3215.0, 3163.0, 3007.0, 2933.0, 2890.0, 2906.0, 3007.0, 3041.0, 3060.0, 3140.0, 3196.0, 3071.0, 3123.0, 2986.0, 2894.0, 3718.0, 3853.0, 3861.0, 3799.0, 3699.0, 3526.0, 3460.0, 3419.0, 3370.0, 3298.0, 3250.0, 3103.0, 2937.0, 2904.0, 3019.0, 3034.0, 3168.0, 3155.0, 3237.0, 3255.0, 3212.0, 3215.0, 3211.0, 3283.0, 3762.0, 3794.0, 3835.0, 3862.0, 3728.0, 3793.0, 3582.0, 3443.0, 3366.0, 3294.0, 3266.0, 3126.0, 2876.0, 2907.0, 2809.0, 2794.0, 2710.0, 2910.0, 3016.0, 3080.0, 3126.0, 3130.0, 3185.0, 3116.0, 3572.0, 3626.0, 3763.0, 3704.0, 3676.0, 3663.0, 3493.99, 3417.15, 3344.98, 3306.36, 3234.04, 3079.33, 2882.41, 2840.1, 2897.16, 2962.19, 3029.35, 3101.12, 3179.6, 3182.63, 3170.19, 3126.76, 3181.44, 2975.07, 3480.91, 3628.95, 3772.71, 3724.1, 3630.97, 3695.3, 3379.08, 3264.07, 3191.96, 3129.28, 3128.66, 2943.33, 2882.03, 2796.73, 2981.31, 3092.55, 3261.37, 3242.29, 3382.0, 3520.32, 3401.63, 3415.63, 3338.46, 3475.14, 3934.49, 3995.86, 4076.51, 4025.08, 3870.43]",168
2026-04-01,D+30,"[3515.28564453125, 3433.059326171875, 3361.83349609375, 3248.29345703125, 3173.59814453125, 3151.328369140625, 3110.04736328125, 2937.888671875, 2838.873046875, 2885.030517578125, 2967.14306640625, 3003.458984375, 3055.753662109375, 3096.4931640625, 3111.441162109375, 3205.1630859375, 3265.40771484375, 3261.07958984375, 3336.001953125, 3721.841796875, 3846.15380859375, 3814.858154296875, 3776.63525390625, 3707.846923828125]","[3495.8, 3393.0, 3337.0, 3269.0, 3220.0, 3199.0, 3232.0, 2995.0, 2826.0, 2831.0, 2922.0, 3022.0, 3019.0, 3030.0, 3103.0, 3169.0, 3251.0, 3263.0, 3577.0, 3754.0, 3823.0, 3907.0, 3862.0, 3749.0, 3625.0, 3497.81, 3417.15, 3391.08, 3293.98, 3296.66, 3272.9, 3017.89, 3003.78, 3026.36, 3140.6, 3299.54, 3177.09, 3246.7, 3195.91, 3191.96, 3062.8, 3230.98, 3341.93, 3627.03, 3835.8, 3832.57, 3789.85, 3685.71, 3709.52, 3304.0, 3308.0, 3267.0, 3215.0, 3163.0, 3007.0, 2933.0, 2890.0, 2906.0, 3007.0, 3041.0, 3060.0, 3140.0, 3196.0, 3071.0, 3123.0, 2986.0, 2894.0, 3718.0, 3853.0, 3861.0, 3799.0, 3699.0, 3526.0, 3460.0, 3419.0, 3370.0, 3298.0, 3250.0, 3103.0, 2937.0, 2904.0, 3019.0, 3034.0, 3168.0, 3155.0, 3237.0, 3255.0, 3212.0, 3215.0, 3211.0, 3283.0, 3762.0, 3794.0, 3835.0, 3862.0, 3728.0, 3793.0, 3582.0, 3443.0, 3366.0, 3294.0, 3266.0, 3126.0, 2876.0, 2907.0, 2809.0, 2794.0, 2710.0, 2910.0, 3016.0, 3080.0, 3126.0, 3130.0, 3185.0, 3116.0, 3572.0, 3626.0, 3763.0, 3704.0, 3676.0, 3663.0, 3493.99, 3417.15, 3344.98, 3306.36, 3234.04, 3079.33, 2882.41, 2840.1, 2897.16, 2962.19, 3029.35, 3101.12, 3179.6, 3182.63, 3170.19, 3126.76, 3181.44, 2975.07, 3480.91, 3628.95, 3772.71, 3724.1, 3630.97, 3695.3, 3379.08, 3264.07, 3191.96, 3129.28, 3128.66, 2943.33, 2882.03, 2796.73, 2981.31, 3092.55, 3261.37, 3242.29, 3382.0, 3520.32, 3401.63, 3415.63, 3338.46, 3475.14, 3934.49, 3995.86, 4076.51, 4025.08, 3870.43, 3837.0, 3828.42, 3631.52, 3550.58, 3481.14, 3380.29, 2944.76, 2734.67, 2755.38, 2970.02, 3018.66, 3030.53, 2928.94, 3064.33, 3062.45, 3174.23, 3161.57, 3228.05, 3259.24, 3609.33, 3772.82, 3752.82, 3674.43, 3600.24, 3523.56, 3319.5, 3331.19, 3245.34, 3201.2, 3193.98, 3126.16, 3019.35, 2984.4, 3080.95, 3108.53, 3171.08, 3270.81, 3318.45, 3415.3, 3463.06, 3492.86, 3444.18, 3361.63, 3720.55, 3868.2, 3903.09, 3871.77, 3761.99, 3681.54, 3594.9, 3493.9, 3435.92, 3332.94, 3483.52, 3191.03, 3020.42, 3101.52, 3216.53, 3267.54, 3227.27, 3366.01, 3369.63, 3433.71, 3451.52, 3452.46, 3445.07, 3439.91, 3747.21, 3848.96, 4008.42, 3985.01, 3841.07, 3868.28, 3721.06, 3657.83, 3574.57, 3489.14, 3467.51, 3261.2, 2997.36, 3016.99, 3080.0, 3096.21, 3159.35, 3283.65, 3213.05, 3333.49, 3346.91, 3402.1, 3426.22, 3483.86, 3902.74, 3996.25, 3972.15, 3889.19, 3844.6, 3831.2, 3713.42, 3663.35, 3559.46, 3491.04, 3454.42, 3487.77, 3032.54, 3051.49, 2944.84, 2889.33, 3053.96, 3074.14, 3181.18, 3191.23, 3306.54, 3233.06, 3252.22, 3352.03, 3774.02, 3692.5, 3710.62, 3763.07, 3808.18, 3755.71, 3708.34, 3616.89, 3418.28, 3466.72, 3433.72, 3295.31, 3125.84, 3187.18, 3055.3, 3337.15, 3357.17, 3327.38, 3385.14, 3483.65, 3449.48, 3469.78, 3417.62, 3521.36, 3776.99, 3806.35, 3678.13, 3746.72, 3669.28, 3334.96, 2916.05, 3069.4, 3050.05, 3010.37, 3011.92, 2935.48, 2816.91, 2873.92, 2991.42, 3021.55, 3106.24, 3216.26, 3140.13, 3193.81, 3210.49, 3266.55, 3336.0, 3311.46, 3717.92, 3822.73, 3856.02, 3894.8, 3807.87, 3759.67, 3571.69, 3537.56, 3427.82, 3404.51, 3387.93, 3249.19, 3070.16, 3082.01, 3143.62, 3200.18, 3217.07, 3165.81, 3269.9, 3304.32, 3286.93, 3223.27, 3329.07, 3342.29, 3517.63, 3544.44, 3566.76, 3480.44, 3375.61, 3371.55, 3648.08, 3739.21, 3681.21, 3642.24, 3633.92, 3223.57, 3085.07, 3167.79, 3276.15, 3325.11, 3392.03, 3410.03, 3374.1, 3483.95, 3397.03, 3414.78, 3480.64, 3505.44, 3811.28, 3871.57, 3923.29, 3949.95, 3891.78, 3751.92, 3778.38, 3688.81, 3539.87, 3599.14, 3531.96, 3337.59, 3195.28, 3246.92, 3371.02, 3368.13, 3490.48, 3453.44, 3472.48, 3524.13, 3579.95, 3428.12, 3323.04, 3492.58, 3712.23, 3832.03, 3926.01, 3920.92, 3849.56, 3736.47, 3688.4, 3582.14, 3473.8, 3377.95, 3385.15, 3243.41, 3016.48, 3030.63, 2983.28, 3078.88, 2983.34, 3140.57, 3209.41, 3240.88, 3303.4, 3241.49, 3310.84, 3487.52, 3885.82, 4016.84, 3949.14, 3927.34, 3894.29, 3729.65, 3546.38, 3521.47, 3508.93, 3423.87, 3398.13, 3281.55, 3102.3, 3018.94, 3023.26, 3012.51, 3065.0, 3123.22, 3222.62, 3298.6, 3333.06, 3316.7, 3289.13, 3369.53, 3843.77, 3909.36, 3929.81, 3888.54, 3779.38, 3654.91, 3565.91, 3504.71, 3426.78, 3342.42, 3371.36, 3285.34, 3067.46, 3005.53, 3143.48, 3104.73, 3281.76, 3185.45, 3333.04, 3404.42, 3305.09, 3544.27, 3495.14, 3473.6, 3868.39, 4030.91, 4080.22, 4018.7, 3901.5, 3640.57, 3470.05, 3458.21, 3311.63, 3201.69, 3298.93, 3233.51, 2947.24, 2878.51, 3029.59, 3027.0, 3112.03, 3089.3, 3119.33, 3218.35, 3308.21, 3316.36, 3309.75, 3406.12, 3909.91, 4051.9, 4117.23, 4021.59, 3831.14, 3765.75, 3763.47, 3760.76, 3668.0, 3645.82, 3579.64, 3384.77, 3481.32, 3448.39, 3482.9, 3537.52, 3561.35, 3549.02, 3573.8, 3402.48, 2658.47, 2895.78, 3118.74, 3216.95, 3116.69, 3266.88, 3270.94, 3233.17, 3149.85, 3181.99, 3224.06, 3212.02, 3280.81, 3216.42, 3242.81, 3176.6, 3014.28, 2955.72, 3049.69, 2945.61, 2996.99, 2967.1, 3014.57, 3057.1, 2991.95, 2941.37, 3204.05, 3120.46, 3181.37, 3141.53, 3259.25, 3267.15, 3219.71, 3300.06, 3212.06, 3192.29, 3198.53, 2874.04, 3002.84, 2897.4, 2823.84, 2933.0, 2961.16, 3049.35, 2981.65, 2994.15, 2944.87, 2984.53, 2970.36, 3037.66, 3058.68, 2923.82, 3046.83, 3090.95, 2979.28, 3163.95, 3122.34, 3136.46, 3029.13, 3029.58, 3031.13, 2953.59, 2929.82, 2829.44, 2718.45, 2712.73, 2698.82, 2702.97, 2656.0, 2687.08, 2535.09, 2838.97, 2807.72, 2881.3, 2845.62, 2891.1, 3246.99, 3191.81, 3160.49, 3085.16, 3066.99, 3089.37, 2633.16, 2595.64, 2511.4, 2497.22, 2583.09, 2583.44, 2328.88, 2286.2, 2368.47, 2437.13, 2506.66, 2409.89, 2558.12, 2570.17, 2650.83, 2621.77, 2684.35, 3108.72, 3216.42, 3331.28, 3557.51, 3563.69, 3482.26, 3336.36, 3203.71, 3267.29, 3194.59, 3182.62, 3226.06, 3042.94, 2768.28, 2816.9, 2940.87, 2876.01, 2985.45, 2905.0, 2807.09, 2924.85, 3000.81, 3106.12, 3084.5, 3257.08, 3345.53, 3517.67, 3644.03, 3637.8, 3483.99, 3382.66, 3238.92, 3272.97, 3120.65, 2696.51, 2650.23, 2714.38, 2515.46, 2486.49, 2523.98, 2579.77, 3214.23, 2747.34, 2752.1, 2917.68, 2901.4, 3016.39, 3101.66, 3292.58, 3560.3, 3673.22, 3662.75, 3616.49, 3520.75, 3431.78, 3348.5, 3228.66, 3226.05, 3088.21, 3138.17, 3062.33, 2805.49, 2774.48, 2849.91, 2974.63, 1905.25, 2290.04, 2634.78, 2907.56, 3102.73, 3034.27, 3223.72, 3435.66, 3784.92, 3930.98, 3859.64, 3822.65, 3920.47]",696
2026-04-02,D+1,"[3633.04931640625, 3562.486328125, 3486.309326171875, 3362.886474609375, 3294.946044921875, 3260.75390625, 3176.44970703125, 2983.046630859375, 2850.592529296875, 2873.171142578125, 2961.190185546875, 2991.453125, 3081.34619140625, 3134.2431640625, 3172.26318359375, 3241.86962890625, 3330.876953125, 3322.10693359375, 3426.7890625, 3795.63427734375, 3905.013427734375, 3893.869384765625, 3862.869384765625, 3776.984375]","[3625.0, 3497.81, 3417.15, 3391.08, 3293.98, 3296.66, 3272.9, 3017.89, 3003.78, 3026.36, 3140.6, 3299.54, 3177.09, 3246.7, 3195.91, 3191.96, 3062.8, 3230.98, 3341.93, 3627.03, 3835.8, 3832.57, 3789.85, 3685.71]",24
2026-04-02,D+7,"[3633.04931640625, 3562.486328125, 3486.309326171875, 3362.886474609375, 3294.946044921875, 3260.75390625, 3176.44970703125, 2983.046630859375, 2850.592529296875, 2873.171142578125, 2961.190185546875, 2991.453125, 3081.34619140625, 3134.2431640625, 3172.26318359375, 3241.86962890625, 3330.876953125, 3322.10693359375, 3426.7890625, 3795.63427734375, 3905.013427734375, 3893.869384765625, 3862.869384765625, 3776.984375]","[3625.0, 3497.81, 3417.15, 3391.08, 3293.98, 3296.66, 3272.9, 3017.89, 3003.78, 3026.36, 3140.6, 3299.54, 3177.09, 3246.7, 3195.91, 3191.96, 3062.8, 3230.98, 3341.93, 3627.03, 3835.8, 3832.57, 3789.85, 3685.71, 3709.52, 3304.0, 3308.0, 3267.0, 3215.0, 3163.0, 3007.0, 2933.0, 2890.0, 2906.0, 3007.0, 3041.0, 3060.0, 3140.0, 3196.0, 3071.0, 3123.0, 2986.0, 2894.0, 3718.0, 3853.0, 3861.0, 3799.0, 3699.0, 3526.0, 3460.0, 3419.0, 3370.0, 3298.0, 3250.0, 3103.0, 2937.0, 2904.0, 3019.0, 3034.0, 3168.0, 3155.0, 3237.0, 3255.0, 3212.0, 3215.0, 3211.0, 3283.0, 3762.0, 3794.0, 3835.0, 3862.0, 3728.0, 3793.0, 3582.0, 3443.0, 3366.0, 3294.0, 3266.0, 3126.0, 2876.0, 2907.0, 2809.0, 2794.0, 2710.0, 2910.0, 3016.0, 3080.0, 3126.0, 3130.0, 3185.0, 3116.0, 3572.0, 3626.0, 3763.0, 3704.0, 3676.0, 3663.0, 3493.99, 3417.15, 3344.98, 3306.36, 3234.04, 3079.33, 2882.41, 2840.1, 2897.16, 2962.19, 3029.35, 3101.12, 3179.6, 3182.63, 3170.19, 3126.76, 3181.44, 2975.07, 3480.91, 3628.95, 3772.71, 3724.1, 3630.97, 3695.3, 3379.08, 3264.07, 3191.96, 3129.28, 3128.66, 2943.33, 2882.03, 2796.73, 2981.31, 3092.55, 3261.37, 3242.29, 3382.0, 3520.32, 3401.63, 3415.63, 3338.46, 3475.14, 3934.49, 3995.86, 4076.51, 4025.08, 3870.43, 3837.0, 3828.42, 3631.52, 3550.58, 3481.14, 3380.29, 2944.76, 2734.67, 2755.38, 2970.02, 3018.66, 3030.53, 2928.94, 3064.33, 3062.45, 3174.23, 3161.57, 3228.05, 3259.24, 3609.33, 3772.82, 3752.82, 3674.43, 3600.24]",168
2026-04-02,D+30,"[3633.04931640625, 3562.486328125, 3486.309326171875, 3362.886474609375, 3294.946044921875, 3260.75390625, 3176.44970703125, 2983.046630859375, 2850.592529296875, 2873.171142578125, 2961.190185546875, 2991.453125, 3081.34619140625, 3134.2431640625, 3172.26318359375, 3241.86962890625, 3330.876953125, 3322.10693359375, 3426.7890625, 3795.63427734375, 3905.013427734375, 3893.869384765625, 3862.869384765625, 3776.984375]","[3625.0, 3497.81, 3417.15, 3391.08, 3293.98, 3296.66, 3272.9, 3017.89, 3003.78, 3026.36, 3140.6, 3299.54, 3177.09, 3246.7, 3195.91, 3191.96, 3062.8, 3230.98, 3341.93, 3627.03, 3835.8, 3832.57, 3789.85, 3685.71, 3709.52, 3304.0, 3308.0, 3267.0, 3215.0, 3163.0, 3007.0, 2933.0, 2890.0, 2906.0, 3007.0, 3041.0, 3060.0, 3140.0, 3196.0, 3071.0, 3123.0, 2986.0, 2894.0, 3718.0, 3853.0, 3861.0, 3799.0, 3699.0, 3526.0, 3460.0, 3419.0, 3370.0, 3298.0, 3250.0, 3103.0, 2937.0, 2904.0, 3019.0, 3034.0, 3168.0, 3155.0, 3237.0, 3255.0, 3212.0, 3215.0, 3211.0, 3283.0, 3762.0, 3794.0, 3835.0, 3862.0, 3728.0, 3793.0, 3582.0, 3443.0, 3366.0, 3294.0, 3266.0, 3126.0, 2876.0, 2907.0, 2809.0, 2794.0, 2710.0, 2910.0, 3016.0, 3080.0, 3126.0, 3130.0, 3185.0, 3116.0, 3572.0, 3626.0, 3763.0, 3704.0, 3676.0, 3663.0, 3493.99, 3417.15, 3344.98, 3306.36, 3234.04, 3079.33, 2882.41, 2840.1, 2897.16, 2962.19, 3029.35, 3101.12, 3179.6, 3182.63, 3170.19, 3126.76, 3181.44, 2975.07, 3480.91, 3628.95, 3772.71, 3724.1, 3630.97, 3695.3, 3379.08, 3264.07, 3191.96, 3129.28, 3128.66, 2943.33, 2882.03, 2796.73, 2981.31, 3092.55, 3261.37, 3242.29, 3382.0, 3520.32, 3401.63, 3415.63, 3338.46, 3475.14, 3934.49, 3995.86, 4076.51, 4025.08, 3870.43, 3837.0, 3828.42, 3631.52, 3550.58, 3481.14, 3380.29, 2944.76, 2734.67, 2755.38, 2970.02, 3018.66, 3030.53, 2928.94, 3064.33, 3062.45, 3174.23, 3161.57, 3228.05, 3259.24, 3609.33, 3772.82, 3752.82, 3674.43, 3600.24, 3523.56, 3319.5, 3331.19, 3245.34, 3201.2, 3193.98, 3126.16, 3019.35, 2984.4, 3080.95, 3108.53, 3171.08, 3270.81, 3318.45, 3415.3, 3463.06, 3492.86, 3444.18, 3361.63, 3720.55, 3868.2, 3903.09, 3871.77, 3761.99, 3681.54, 3594.9, 3493.9, 3435.92, 3332.94, 3483.52, 3191.03, 3020.42, 3101.52, 3216.53, 3267.54, 3227.27, 3366.01, 3369.63, 3433.71, 3451.52, 3452.46, 3445.07, 3439.91, 3747.21, 3848.96, 4008.42, 3985.01, 3841.07, 3868.28, 3721.06, 3657.83, 3574.57, 3489.14, 3467.51, 3261.2, 2997.36, 3016.99, 3080.0, 3096.21, 3159.35, 3283.65, 3213.05, 3333.49, 3346.91, 3402.1, 3426.22, 3483.86, 3902.74, 3996.25, 3972.15, 3889.19, 3844.6, 3831.2, 3713.42, 3663.35, 3559.46, 3491.04, 3454.42, 3487.77, 3032.54, 3051.49, 2944.84, 2889.33, 3053.96, 3074.14, 3181.18, 3191.23, 3306.54, 3233.06, 3252.22, 3352.03, 3774.02, 3692.5, 3710.62, 3763.07, 3808.18, 3755.71, 3708.34, 3616.89, 3418.28, 3466.72, 3433.72, 3295.31, 3125.84, 3187.18, 3055.3, 3337.15, 3357.17, 3327.38, 3385.14, 3483.65, 3449.48, 3469.78, 3417.62, 3521.36, 3776.99, 3806.35, 3678.13, 3746.72, 3669.28, 3334.96, 2916.05, 3069.4, 3050.05, 3010.37, 3011.92, 2935.48, 2816.91, 2873.92, 2991.42, 3021.55, 3106.24, 3216.26, 3140.13, 3193.81, 3210.49, 3266.55, 3336.0, 3311.46, 3717.92, 3822.73, 3856.02, 3894.8, 3807.87, 3759.67, 3571.69, 3537.56, 3427.82, 3404.51, 3387.93, 3249.19, 3070.16, 3082.01, 3143.62, 3200.18, 3217.07, 3165.81, 3269.9, 3304.32, 3286.93, 3223.27, 3329.07, 3342.29, 3517.63, 3544.44, 3566.76, 3480.44, 3375.61, 3371.55, 3648.08, 3739.21, 3681.21, 3642.24, 3633.92, 3223.57, 3085.07, 3167.79, 3276.15, 3325.11, 3392.03, 3410.03, 3374.1, 3483.95, 3397.03, 3414.78, 3480.64, 3505.44, 3811.28, 3871.57, 3923.29, 3949.95, 3891.78, 3751.92, 3778.38, 3688.81, 3539.87, 3599.14, 3531.96, 3337.59, 3195.28, 3246.92, 3371.02, 3368.13, 3490.48, 3453.44, 3472.48, 3524.13, 3579.95, 3428.12, 3323.04, 3492.58, 3712.23, 3832.03, 3926.01, 3920.92, 3849.56, 3736.47, 3688.4, 3582.14, 3473.8, 3377.95, 3385.15, 3243.41, 3016.48, 3030.63, 2983.28, 3078.88, 2983.34, 3140.57, 3209.41, 3240.88, 3303.4, 3241.49, 3310.84, 3487.52, 3885.82, 4016.84, 3949.14, 3927.34, 3894.29, 3729.65, 3546.38, 3521.47, 3508.93, 3423.87, 3398.13, 3281.55, 3102.3, 3018.94, 3023.26, 3012.51, 3065.0, 3123.22, 3222.62, 3298.6, 3333.06, 3316.7, 3289.13, 3369.53, 3843.77, 3909.36, 3929.81, 3888.54, 3779.38, 3654.91, 3565.91, 3504.71, 3426.78, 3342.42, 3371.36, 3285.34, 3067.46, 3005.53, 3143.48, 3104.73, 3281.76, 3185.45, 3333.04, 3404.42, 3305.09, 3544.27, 3495.14, 3473.6, 3868.39, 4030.91, 4080.22, 4018.7, 3901.5, 3640.57, 3470.05, 3458.21, 3311.63, 3201.69, 3298.93, 3233.51, 2947.24, 2878.51, 3029.59, 3027.0, 3112.03, 3089.3, 3119.33, 3218.35, 3308.21, 3316.36, 3309.75, 3406.12, 3909.91, 4051.9, 4117.23, 4021.59, 3831.14, 3765.75, 3763.47, 3760.76, 3668.0, 3645.82, 3579.64, 3384.77, 3481.32, 3448.39, 3482.9, 3537.52, 3561.35, 3549.02, 3573.8, 3402.48, 2658.47, 2895.78, 3118.74, 3216.95, 3116.69, 3266.88, 3270.94, 3233.17, 3149.85, 3181.99, 3224.06, 3212.02, 3280.81, 3216.42, 3242.81, 3176.6, 3014.28, 2955.72, 3049.69, 2945.61, 2996.99, 2967.1, 3014.57, 3057.1, 2991.95, 2941.37, 3204.05, 3120.46, 3181.37, 3141.53, 3259.25, 3267.15, 3219.71, 3300.06, 3212.06, 3192.29, 3198.53, 2874.04, 3002.84, 2897.4, 2823.84, 2933.0, 2961.16, 3049.35, 2981.65, 2994.15, 2944.87, 2984.53, 2970.36, 3037.66, 3058.68, 2923.82, 3046.83, 3090.95, 2979.28, 3163.95, 3122.34, 3136.46, 3029.13, 3029.58, 3031.13, 2953.59, 2929.82, 2829.44, 2718.45, 2712.73, 2698.82, 2702.97, 2656.0, 2687.08, 2535.09, 2838.97, 2807.72, 2881.3, 2845.62, 2891.1, 3246.99, 3191.81, 3160.49, 3085.16, 3066.99, 3089.37, 2633.16, 2595.64, 2511.4, 2497.22, 2583.09, 2583.44, 2328.88, 2286.2, 2368.47, 2437.13, 2506.66, 2409.89, 2558.12, 2570.17, 2650.83, 2621.77, 2684.35, 3108.72, 3216.42, 3331.28, 3557.51, 3563.69, 3482.26, 3336.36, 3203.71, 3267.29, 3194.59, 3182.62, 3226.06, 3042.94, 2768.28, 2816.9, 2940.87, 2876.01, 2985.45, 2905.0, 2807.09, 2924.85, 3000.81, 3106.12, 3084.5, 3257.08, 3345.53, 3517.67, 3644.03, 3637.8, 3483.99, 3382.66, 3238.92, 3272.97, 3120.65, 2696.51, 2650.23, 2714.38, 2515.46, 2486.49, 2523.98, 2579.77, 3214.23, 2747.34, 2752.1, 2917.68, 2901.4, 3016.39, 3101.66, 3292.58, 3560.3, 3673.22, 3662.75, 3616.49, 3520.75, 3431.78, 3348.5, 3228.66, 3226.05, 3088.21, 3138.17, 3062.33, 2805.49, 2774.48, 2849.91, 2974.63, 1905.25, 2290.04, 2634.78, 2907.56, 3102.73, 3034.27, 3223.72, 3435.66, 3784.92, 3930.98, 3859.64, 3822.65, 3920.47, 3749.98]",673
2026-04-03,D+1,"[3600.625244140625, 3488.58056640625, 3398.328125, 3302.84423828125, 3239.7216796875, 3184.67529296875, 3123.60107421875, 2895.75244140625, 2803.0576171875, 2843.623779296875, 2932.558837890625, 2978.436279296875, 3015.6611328125, 3039.97802734375, 3068.60791015625, 3072.0888671875, 3096.78369140625, 3089.03564453125, 3225.00927734375, 3608.754150390625, 3764.37158203125, 3760.07568359375, 3742.5302734375, 3677.281982421875]","[3709.52, 3304.0, 3308.0, 3267.0, 3215.0, 3163.0, 3007.0, 2933.0, 2890.0, 2906.0, 3007.0, 3041.0, 3060.0, 3140.0, 3196.0, 3071.0, 3123.0, 2986.0, 2894.0, 3718.0, 3853.0, 3861.0, 3799.0, 3699.0]",24
2026-04-03,D+7,"[3600.625244140625, 3488.58056640625, 3398.328125, 3302.84423828125, 3239.7216796875, 3184.67529296875, 3123.60107421875, 2895.75244140625, 2803.0576171875, 2843.623779296875, 2932.558837890625, 2978.436279296875, 3015.6611328125, 3039.97802734375, 3068.60791015625, 3072.0888671875, 3096.78369140625, 3089.03564453125, 3225.00927734375, 3608.754150390625, 3764.37158203125, 3760.07568359375, 3742.5302734375, 3677.281982421875]","[3709.52, 3304.0, 3308.0, 3267.0, 3215.0, 3163.0, 3007.0, 2933.0, 2890.0, 2906.0, 3007.0, 3041.0, 3060.0, 3140.0, 3196.0, 3071.0, 3123.0, 2986.0, 2894.0, 3718.0, 3853.0, 3861.0, 3799.0, 3699.0, 3526.0, 3460.0, 3419.0, 3370.0, 3298.0, 3250.0, 3103.0, 2937.0, 2904.0, 3019.0, 3034.0, 3168.0, 3155.0, 3237.0, 3255.0, 3212.0, 3215.0, 3211.0, 3283.0, 3762.0, 3794.0, 3835.0, 3862.0, 3728.0, 3793.0, 3582.0, 3443.0, 3366.0, 3294.0, 3266.0, 3126.0, 2876.0, 2907.0, 2809.0, 2794.0, 2710.0, 2910.0, 3016.0, 3080.0, 3126.0, 3130.0, 3185.0, 3116.0, 3572.0, 3626.0, 3763.0, 3704.0, 3676.0, 3663.0, 3493.99, 3417.15, 3344.98, 3306.36, 3234.04, 3079.33, 2882.41, 2840.1, 2897.16, 2962.19, 3029.35, 3101.12, 3179.6, 3182.63, 3170.19, 3126.76, 3181.44, 2975.07, 3480.91, 3628.95, 3772.71, 3724.1, 3630.97, 3695.3, 3379.08, 3264.07, 3191.96, 3129.28, 3128.66, 2943.33, 2882.03, 2796.73, 2981.31, 3092.55, 3261.37, 3242.29, 3382.0, 3520.32, 3401.63, 3415.63, 3338.46, 3475.14, 3934.49, 3995.86, 4076.51, 4025.08, 3870.43, 3837.0, 3828.42, 3631.52, 3550.58, 3481.14, 3380.29, 2944.76, 2734.67, 2755.38, 2970.02, 3018.66, 3030.53, 2928.94, 3064.33, 3062.45, 3174.23, 3161.57, 3228.05, 3259.24, 3609.33, 3772.82, 3752.82, 3674.43, 3600.24, 3523.56, 3319.5, 3331.19, 3245.34, 3201.2, 3193.98, 3126.16, 3019.35, 2984.4, 3080.95, 3108.53, 3171.08, 3270.81, 3318.45, 3415.3, 3463.06, 3492.86, 3444.18, 3361.63, 3720.55, 3868.2, 3903.09, 3871.77, 3761.99]",168
2026-04-03,D+30,"[3600.625244140625, 3488.58056640625, 3398.328125, 3302.84423828125, 3239.7216796875, 3184.67529296875, 3123.60107421875, 2895.75244140625, 2803.0576171875, 2843.623779296875, 2932.558837890625, 2978.436279296875, 3015.6611328125, 3039.97802734375, 3068.60791015625, 3072.0888671875, 3096.78369140625, 3089.03564453125, 3225.00927734375, 3608.754150390625, 3764.37158203125, 3760.07568359375, 3742.5302734375, 3677.281982421875]","[3709.52, 3304.0, 3308.0, 3267.0, 3215.0, 3163.0, 3007.0, 2933.0, 2890.0, 2906.0, 3007.0, 3041.0, 3060.0, 3140.0, 3196.0, 3071.0, 3123.0, 2986.0, 2894.0, 3718.0, 3853.0, 3861.0, 3799.0, 3699.0, 3526.0, 3460.0, 3419.0, 3370.0, 3298.0, 3250.0, 3103.0, 2937.0, 2904.0, 3019.0, 3034.0, 3168.0, 3155.0, 3237.0, 3255.0, 3212.0, 3215.0, 3211.0, 3283.0, 3762.0, 3794.0, 3835.0, 3862.0, 3728.0, 3793.0, 3582.0, 3443.0, 3366.0, 3294.0, 3266.0, 3126.0, 2876.0, 2907.0, 2809.0, 2794.0, 2710.0, 2910.0, 3016.0, 3080.0, 3126.0, 3130.0, 3185.0, 3116.0, 3572.0, 3626.0, 3763.0, 3704.0, 3676.0, 3663.0, 3493.99, 3417.15, 3344.98, 3306.36, 3234.04, 3079.33, 2882.41, 2840.1, 2897.16, 2962.19, 3029.35, 3101.12, 3179.6, 3182.63, 3170.19, 3126.76, 3181.44, 2975.07, 3480.91, 3628.95, 3772.71, 3724.1, 3630.97, 3695.3, 3379.08, 3264.07, 3191.96, 3129.28, 3128.66, 2943.33, 2882.03, 2796.73, 2981.31, 3092.55, 3261.37, 3242.29, 3382.0, 3520.32, 3401.63, 3415.63, 3338.46, 3475.14, 3934.49, 3995.86, 4076.51, 4025.08, 3870.43, 3837.0, 3828.42, 3631.52, 3550.58, 3481.14, 3380.29, 2944.76, 2734.67, 2755.38, 2970.02, 3018.66, 3030.53, 2928.94, 3064.33, 3062.45, 3174.23, 3161.57, 3228.05, 3259.24, 3609.33, 3772.82, 3752.82, 3674.43, 3600.24, 3523.56, 3319.5, 3331.19, 3245.34, 3201.2, 3193.98, 3126.16, 3019.35, 2984.4, 3080.95, 3108.53, 3171.08, 3270.81, 3318.45, 3415.3, 3463.06, 3492.86, 3444.18, 3361.63, 3720.55, 3868.2, 3903.09, 3871.77, 3761.99, 3681.54, 3594.9, 3493.9, 3435.92, 3332.94, 3483.52, 3191.03, 3020.42, 3101.52, 3216.53, 3267.54, 3227.27, 3366.01, 3369.63, 3433.71, 3451.52, 3452.46, 3445.07, 3439.91, 3747.21, 3848.96, 4008.42, 3985.01, 3841.07, 3868.28, 3721.06, 3657.83, 3574.57, 3489.14, 3467.51, 3261.2, 2997.36, 3016.99, 3080.0, 3096.21, 3159.35, 3283.65, 3213.05, 3333.49, 3346.91, 3402.1, 3426.22, 3483.86, 3902.74, 3996.25, 3972.15, 3889.19, 3844.6, 3831.2, 3713.42, 3663.35, 3559.46, 3491.04, 3454.42, 3487.77, 3032.54, 3051.49, 2944.84, 2889.33, 3053.96, 3074.14, 3181.18, 3191.23, 3306.54, 3233.06, 3252.22, 3352.03, 3774.02, 3692.5, 3710.62, 3763.07, 3808.18, 3755.71, 3708.34, 3616.89, 3418.28, 3466.72, 3433.72, 3295.31, 3125.84, 3187.18, 3055.3, 3337.15, 3357.17, 3327.38, 3385.14, 3483.65, 3449.48, 3469.78, 3417.62, 3521.36, 3776.99, 3806.35, 3678.13, 3746.72, 3669.28, 3334.96, 2916.05, 3069.4, 3050.05, 3010.37, 3011.92, 2935.48, 2816.91, 2873.92, 2991.42, 3021.55, 3106.24, 3216.26, 3140.13, 3193.81, 3210.49, 3266.55, 3336.0, 3311.46, 3717.92, 3822.73, 3856.02, 3894.8, 3807.87, 3759.67, 3571.69, 3537.56, 3427.82, 3404.51, 3387.93, 3249.19, 3070.16, 3082.01, 3143.62, 3200.18, 3217.07, 3165.81, 3269.9, 3304.32, 3286.93, 3223.27, 3329.07, 3342.29, 3517.63, 3544.44, 3566.76, 3480.44, 3375.61, 3371.55, 3648.08, 3739.21, 3681.21, 3642.24, 3633.92, 3223.57, 3085.07, 3167.79, 3276.15, 3325.11, 3392.03, 3410.03, 3374.1, 3483.95, 3397.03, 3414.78, 3480.64, 3505.44, 3811.28, 3871.57, 3923.29, 3949.95, 3891.78, 3751.92, 3778.38, 3688.81, 3539.87, 3599.14, 3531.96, 3337.59, 3195.28, 3246.92, 3371.02, 3368.13, 3490.48, 3453.44, 3472.48, 3524.13, 3579.95, 3428.12, 3323.04, 3492.58, 3712.23, 3832.03, 3926.01, 3920.92, 3849.56, 3736.47, 3688.4, 3582.14, 3473.8, 3377.95, 3385.15, 3243.41, 3016.48, 3030.63, 2983.28, 3078.88, 2983.34, 3140.57, 3209.41, 3240.88, 3303.4, 3241.49, 3310.84, 3487.52, 3885.82, 4016.84, 3949.14, 3927.34, 3894.29, 3729.65, 3546.38, 3521.47, 3508.93, 3423.87, 3398.13, 3281.55, 3102.3, 3018.94, 3023.26, 3012.51, 3065.0, 3123.22, 3222.62, 3298.6, 3333.06, 3316.7, 3289.13, 3369.53, 3843.77, 3909.36, 3929.81, 3888.54, 3779.38, 3654.91, 3565.91, 3504.71, 3426.78, 3342.42, 3371.36, 3285.34, 3067.46, 3005.53, 3143.48, 3104.73, 3281.76, 3185.45, 3333.04, 3404.42, 3305.09, 3544.27, 3495.14, 3473.6, 3868.39, 4030.91, 4080.22, 4018.7, 3901.5, 3640.57, 3470.05, 3458.21, 3311.63, 3201.69, 3298.93, 3233.51, 2947.24, 2878.51, 3029.59, 3027.0, 3112.03, 3089.3, 3119.33, 3218.35, 3308.21, 3316.36, 3309.75, 3406.12, 3909.91, 4051.9, 4117.23, 4021.59, 3831.14, 3765.75, 3763.47, 3760.76, 3668.0, 3645.82, 3579.64, 3384.77, 3481.32, 3448.39, 3482.9, 3537.52, 3561.35, 3549.02, 3573.8, 3402.48, 2658.47, 2895.78, 3118.74, 3216.95, 3116.69, 3266.88, 3270.94, 3233.17, 3149.85, 3181.99, 3224.06, 3212.02, 3280.81, 3216.42, 3242.81, 3176.6, 3014.28, 2955.72, 3049.69, 2945.61, 2996.99, 2967.1, 3014.57, 3057.1, 2991.95, 2941.37, 3204.05, 3120.46, 3181.37, 3141.53, 3259.25, 3267.15, 3219.71, 3300.06, 3212.06, 3192.29, 3198.53, 2874.04, 3002.84, 2897.4, 2823.84, 2933.0, 2961.16, 3049.35, 2981.65, 2994.15, 2944.87, 2984.53, 2970.36, 3037.66, 3058.68, 2923.82, 3046.83, 3090.95, 2979.28, 3163.95, 3122.34, 3136.46, 3029.13, 3029.58, 3031.13, 2953.59, 2929.82, 2829.44, 2718.45, 2712.73, 2698.82, 2702.97, 2656.0, 2687.08, 2535.09, 2838.97, 2807.72, 2881.3, 2845.62, 2891.1, 3246.99, 3191.81, 3160.49, 3085.16, 3066.99, 3089.37, 2633.16, 2595.64, 2511.4, 2497.22, 2583.09, 2583.44, 2328.88, 2286.2, 2368.47, 2437.13, 2506.66, 2409.89, 2558.12, 2570.17, 2650.83, 2621.77, 2684.35, 3108.72, 3216.42, 3331.28, 3557.51, 3563.69, 3482.26, 3336.36, 3203.71, 3267.29, 3194.59, 3182.62, 3226.06, 3042.94, 2768.28, 2816.9, 2940.87, 2876.01, 2985.45, 2905.0, 2807.09, 2924.85, 3000.81, 3106.12, 3084.5, 3257.08, 3345.53, 3517.67, 3644.03, 3637.8, 3483.99, 3382.66, 3238.92, 3272.97, 3120.65, 2696.51, 2650.23, 2714.38, 2515.46, 2486.49, 2523.98, 2579.77, 3214.23, 2747.34, 2752.1, 2917.68, 2901.4, 3016.39, 3101.66, 3292.58, 3560.3, 3673.22, 3662.75, 3616.49, 3520.75, 3431.78, 3348.5, 3228.66, 3226.05, 3088.21, 3138.17, 3062.33, 2805.49, 2774.48, 2849.91, 2974.63, 1905.25, 2290.04, 2634.78, 2907.56, 3102.73, 3034.27, 3223.72, 3435.66, 3784.92, 3930.98, 3859.64, 3822.65, 3920.47, 3749.98]",649
